{"input_shapes": [[3]], "input_data": [[0.00017951727204490453, 0.022058457136154175, 0.008251077495515347]], "output_data": [[0.00017951727204490453], [0.022058457136154175], [0.008251077495515347]]}